{
  "train_loss": [
    1.7078963598962558,
    1.224760302042557,
    0.9316954380374843,
    0.7610584512605505,
    0.6427959031977896,
    0.5452065447629508,
    0.43023736749665215
  ],
  "val_loss": [
    1.5316379070281982,
    1.1088041021273687,
    0.9678986439338098,
    0.9161007083379306,
    0.9296351946317233,
    0.9330015411743751,
    0.9519763864003695
  ],
  "train_f1": [
    0.2868705567897541,
    0.5586177620046338,
    0.6902340741455002,
    0.7449026189015284,
    0.7805656001112354,
    0.8107926460750328,
    0.8573916453813615
  ],
  "val_f1": [
    0.43457591931334333,
    0.6343232047811359,
    0.6672512284987714,
    0.7005369602469061,
    0.6968519633190939,
    0.6744732972751383,
    0.6956983992112878
  ]
}