{
  "joy": 0.8590619307832422,
  "sadness": 0.8970518307180219,
  "anger": 0.712155530388826,
  "fear": 1.6291018998272884,
  "surprise": 0.9997350291467939,
  "disgust": 1.4226998491704375
}