{
  "LSTM": {
    "joy": {
      "precision": 0.7862068965517242,
      "recall": 0.7261146496815286,
      "f1-score": 0.7549668874172185,
      "support": 157.0
    },
    "sadness": {
      "precision": 0.7614678899082569,
      "recall": 0.5533333333333333,
      "f1-score": 0.640926640926641,
      "support": 150.0
    },
    "anger": {
      "precision": 0.6341463414634146,
      "recall": 0.8253968253968254,
      "f1-score": 0.7172413793103448,
      "support": 189.0
    },
    "fear": {
      "precision": 0.5789473684210527,
      "recall": 0.6626506024096386,
      "f1-score": 0.6179775280898876,
      "support": 83.0
    },
    "surprise": {
      "precision": 0.6453900709219859,
      "recall": 0.674074074074074,
      "f1-score": 0.6594202898550725,
      "support": 135.0
    },
    "disgust": {
      "precision": 0.6986301369863014,
      "recall": 0.5368421052631579,
      "f1-score": 0.6071428571428571,
      "support": 95.0
    },
    "accuracy": 0.6798516687268232,
    "macro avg": {
      "precision": 0.6841314507087892,
      "recall": 0.6630685983597596,
      "f1-score": 0.6662792637903369,
      "support": 809.0
    },
    "weighted avg": {
      "precision": 0.6910487996891949,
      "recall": 0.6798516687268232,
      "f1-score": 0.6776512528351316,
      "support": 809.0
    }
  },
  "GRU": {
    "joy": {
      "precision": 0.8467153284671532,
      "recall": 0.7388535031847133,
      "f1-score": 0.7891156462585034,
      "support": 157.0
    },
    "sadness": {
      "precision": 0.8173913043478261,
      "recall": 0.6266666666666667,
      "f1-score": 0.7094339622641509,
      "support": 150.0
    },
    "anger": {
      "precision": 0.7447916666666666,
      "recall": 0.7566137566137566,
      "f1-score": 0.7506561679790026,
      "support": 189.0
    },
    "fear": {
      "precision": 0.6976744186046512,
      "recall": 0.7228915662650602,
      "f1-score": 0.7100591715976331,
      "support": 83.0
    },
    "surprise": {
      "precision": 0.5752688172043011,
      "recall": 0.7925925925925926,
      "f1-score": 0.6666666666666666,
      "support": 135.0
    },
    "disgust": {
      "precision": 0.6236559139784946,
      "recall": 0.6105263157894737,
      "f1-score": 0.6170212765957447,
      "support": 95.0
    },
    "accuracy": 0.7144622991347342,
    "macro avg": {
      "precision": 0.7175829082115155,
      "recall": 0.7080240668520439,
      "f1-score": 0.7071588152269501,
      "support": 809.0
    },
    "weighted avg": {
      "precision": 0.7306850508235361,
      "recall": 0.7144622991347342,
      "f1-score": 0.7166034599127793,
      "support": 809.0
    }
  },
  "BiLSTM + Attention": {
    "joy": {
      "precision": 0.8540145985401459,
      "recall": 0.7452229299363057,
      "f1-score": 0.7959183673469388,
      "support": 157.0
    },
    "sadness": {
      "precision": 0.8129496402877698,
      "recall": 0.7533333333333333,
      "f1-score": 0.7820069204152249,
      "support": 150.0
    },
    "anger": {
      "precision": 0.6851063829787234,
      "recall": 0.8518518518518519,
      "f1-score": 0.7594339622641509,
      "support": 189.0
    },
    "fear": {
      "precision": 0.7142857142857143,
      "recall": 0.7831325301204819,
      "f1-score": 0.7471264367816092,
      "support": 83.0
    },
    "surprise": {
      "precision": 0.7480314960629921,
      "recall": 0.7037037037037037,
      "f1-score": 0.7251908396946565,
      "support": 135.0
    },
    "disgust": {
      "precision": 0.675,
      "recall": 0.5684210526315789,
      "f1-score": 0.6171428571428571,
      "support": 95.0
    },
    "accuracy": 0.7478368355995055,
    "macro avg": {
      "precision": 0.7482313053592243,
      "recall": 0.7342775669295426,
      "f1-score": 0.7378032306075729,
      "support": 809.0
    },
    "weighted avg": {
      "precision": 0.7538971701497716,
      "recall": 0.7478368355995055,
      "f1-score": 0.747013683119779,
      "support": 809.0
    }
  },
  "DistilBERT": {
    "joy": {
      "precision": 0.92,
      "recall": 0.8789808917197452,
      "f1-score": 0.8990228013029316,
      "support": 157.0
    },
    "sadness": {
      "precision": 0.8620689655172413,
      "recall": 0.8333333333333334,
      "f1-score": 0.847457627118644,
      "support": 150.0
    },
    "anger": {
      "precision": 0.806282722513089,
      "recall": 0.8148148148148148,
      "f1-score": 0.8105263157894737,
      "support": 189.0
    },
    "fear": {
      "precision": 0.7978723404255319,
      "recall": 0.9036144578313253,
      "f1-score": 0.847457627118644,
      "support": 83.0
    },
    "surprise": {
      "precision": 0.7724137931034483,
      "recall": 0.8296296296296296,
      "f1-score": 0.8,
      "support": 135.0
    },
    "disgust": {
      "precision": 0.75,
      "recall": 0.6631578947368421,
      "f1-score": 0.7039106145251397,
      "support": 95.0
    },
    "accuracy": 0.8244746600741656,
    "macro avg": {
      "precision": 0.8181063035932183,
      "recall": 0.820588503677615,
      "f1-score": 0.8180624976424721,
      "support": 809.0
    },
    "weighted avg": {
      "precision": 0.8255711318996843,
      "recall": 0.8244746600741656,
      "f1-score": 0.8240608022092745,
      "support": 809.0
    }
  }
}