{
  "train_loss": [
    1.7933659897012226,
    1.7868022615626706,
    1.7749116683410386,
    1.584562137975531,
    1.2365665718660517,
    0.9124631093720258,
    0.6945030219474081,
    0.5520707818411165,
    0.43577666833239087,
    0.35445807167028975,
    0.2969452796851174,
    0.23514606481639005
  ],
  "val_loss": [
    1.7906367687078624,
    1.7824266048578115,
    1.7481831037081206,
    1.5095237676913922,
    1.2669969384486859,
    1.0038395661574144,
    0.9352183662928067,
    0.992781217281635,
    1.007206848034492,
    1.078646760720473,
    1.152410470522367,
    1.2387208021604097
  ],
  "train_f1": [
    0.1429896252415102,
    0.14903977447751948,
    0.17823455116250433,
    0.28752551997253245,
    0.5208911998023432,
    0.6768085901546114,
    0.7713403941402383,
    0.8240452804381281,
    0.8697001092507728,
    0.8918099526280764,
    0.9154090560866043,
    0.9345883229149904
  ],
  "val_f1": [
    0.1108446381932462,
    0.12996481799627035,
    0.22173482322056084,
    0.26193825035960755,
    0.5368997831116361,
    0.6615434291068513,
    0.6800503351656485,
    0.6815174822801092,
    0.6854551244743909,
    0.6828632631501105,
    0.6751017395495108,
    0.6714817622905899
  ]
}