{
  "train_loss": [
    1.7937246359000771,
    1.7882710392192258,
    1.768388513791359,
    1.579254360522254,
    1.3708273697707614,
    1.1671094217542874,
    1.0298071382409435,
    0.8746155631744256,
    0.7532674175197795,
    0.6727547483929133,
    0.5837438414662571,
    0.5048466983993175,
    0.4533261649184308,
    0.38209704322330024,
    0.3521466348635948
  ],
  "val_loss": [
    1.7898421195837169,
    1.7885053432904756,
    1.694237782404973,
    1.5751437040475698,
    1.36539403291849,
    1.3155177648250873,
    1.2739832217876728,
    1.1960431704154382,
    1.2801027527222266,
    1.2280452343133779,
    1.1520791007922246,
    1.1610649686593275,
    1.30758463877898,
    1.2823975086212158,
    1.250263654268705
  ],
  "train_f1": [
    0.12454961834105381,
    0.1234166844268479,
    0.18917865753460786,
    0.2962994383568251,
    0.4311165241514406,
    0.519839129174078,
    0.5875305457531087,
    0.6414714048512318,
    0.7094537519135641,
    0.7605204867822328,
    0.797055796081334,
    0.843490624577767,
    0.8618083971116203,
    0.885271221318606,
    0.8990057253576503
  ],
  "val_f1": [
    0.08305637941256565,
    0.14771290406476503,
    0.22312003141047043,
    0.29194271658092935,
    0.42650316315774073,
    0.447045491856864,
    0.5077596837550611,
    0.5531501656908051,
    0.5853020781703498,
    0.588826612392619,
    0.6138710458156256,
    0.6450412235058025,
    0.6171344642939224,
    0.6520667701977861,
    0.6387141676250946
  ]
}